{"image":"Screen Shot 2019-04-07 at 7.22.35 PM.png","annotation":[{"type":"RECTANGLE","x":8.578584846587352,"y":49.59919839679359,"width":31.62179085785848,"height":24.248496993987978}]}